ENA|AB083655|AB083655.3	2	GN
ENA|AB254848|AB254848.1	2	AN,CN,NA
ENA|AB366441|AB366441.1	2	AK,AS,CK,CS,GK,GM,GS,KA,SA
ENA|AE000784|AE000784.1	2	AK,AW,CW,GK,GW,MA
ENA|AE000785|AE000785.1	2	AK,AS,AW,AY,CK,CS,GK,GW,GY,RA,SA,TR,TW
ENA|AE000787|AE000787.1	2	AR,CK,GK,GR,MA,TR
ENA|AE001583|AE001583.1	2	CK,GK,MA
ENA|AE001826|AE001826.1	2	AY,CY,RA
ENA|AE001827|AE001827.1	2	AK,AW,CK,CM,CW,GM,GR,GW,KA,SA,TR,TW
ENA|AE003850|AE003850.3	2	AN,CN,GN,NA
ENA|AE006469|AE006469.1	2	CN
ENA|AE008924|AE008924.1	2	AN,CN,GN,NA
ENA|AE017195|AE017195.1	2	AK,AN,AR,AS,AY,CK,CN,CR,CS,CW,CY,GM,GN,GS,GY,MA,TR
ENA|AF002712|AF002712.1	2	CN,GN,NA
ENA|AF034717|AF034717.1	2	AS,CS,SA
ENA|AF034719|AF034719.1	2	AN,CN
ENA|AF034720|AF034720.1	2	AY,CM,GM,GY,KA,NA,RA
ENA|AF128883|AF128883.1	2	AM,AY,CM,CN,CY,KA,RA
ENA|AF149757|AF149757.1	2	NA
ENA|AF164559|AF164559.3	2	AY,CY
ENA|AF200347|AF200347.3	2	CN,GN
ENA|AF264948|AF264948.1	2	AK,AS,AW,AY,CK,CS,CW,CY,GK,GY,SA,TW
ENA|AF302424|AF302424.1	2	AK,AR,CB,CR,CS,CW,CY,GB,GK,GW,KA,RA,TB
ENA|AF305615|AF305615.1	2	AN,GN,NA
ENA|AF306799|AF306799.1	2	AY,CY,RA
ENA|AF312688|AF312688.1	2	AN,CN
ENA|AF479774|AF479774.1	2	CN,GN,NA
ENA|AJ579365|AJ579365.1	2	CS,GS,SA
ENA|AJ871638|AJ871638.1	2	AN,CN
ENA|AP012201|AP012201.1	2	CN,GN,NA
ENA|AP012553|AP012553.1	2	AK,AS,AW,AY,CK,CM,CS,CW,CY,GK,GM,GW,GY,KA,SA
ENA|AY004211|AY004211.1	2	AS,CR,GR,GS,SA,TR
ENA|AY043298|AY043298.1	2	AH,CH,DA
ENA|AY043299|AY043299.1	2	AD,CD,HA
ENA|AY046276|AY046276.1	2	AM,AN,CN,GM,GN,KA
ENA|AY123045|AY123045.1	2	AY
ENA|AY123046|AY123046.1	2	AY,CK,CM,CR,CS,CY,GK,GR,GS,GY,KA,MA,TR
ENA|AY123047|AY123047.1	2	AK,AY,CN,CR,CY,GR,MA,NA,RA,TR
ENA|AY126018|AY126018.1	2	CM,GM,KA
ENA|AY167049|AY167049.1	2	CN,GN
ENA|AY394561|AY394561.1	2	AK,CK,GK
ENA|AY422720|AY422720.1	2	AM,CM,GM
ENA|AY545598|AY545598.5	2	CM,CR,CS,GM,GN,TW
ENA|CM000771|CM000771.1	2	AK,CK,MA
ENA|CM000772|CM000772.1	2	AM,AS,CK,CM,CR,CS,GK,GR,GW,GY,KA,MA,RA,SA,TR
ENA|CP000358|CP000358.2	2	AN,CN,NA
ENA|CP000719|CP000719.1	2	AK,AS,CK,GS,MA,SA
ENA|CP000731|CP000731.1	2	AY,CY,GY
ENA|CP000795|CP000795.1	2	AY,CY,GY
ENA|CP000843|CP000843.1	2	AN,CN,NA
ENA|CP000864|CP000864.1	2	AR,CR,GR
ENA|CP001000|CP001000.1	2	NA
ENA|CP001062|CP001062.1	2	GR,TR
ENA|CP001423|CP001423.1	2	AR,AY,CR,CY,GY,TR
ENA|CP001500|CP001500.1	2	CK,GK,MA
ENA|CP001702|CP001702.1	2	CN,GN,NA
ENA|CP001833|CP001833.1	2	AN,CN,NA
ENA|CP002035|CP002035.1	2	AH,BA,BC,BG,CB,CH,DA,GB,GD,HA,TB
ENA|CP002036|CP002036.1	2	TW
ENA|CP002037|CP002037.1	2	AD,AH,AV,BA,BC,CD,CH,CS,DC,GB,GD,TB
ENA|CP002143|CP002143.1	2	AR,AY,CK,CR,CY,GK,GR,GY,MA,RA,TR
ENA|CU633751|CU633751.1	2	GN,NA
ENA|CU928148|CU928148.1	2	AN,GN,NA
ENA|DQ229164|DQ229164.1	2	AN,GN,NA
ENA|DQ335584|DQ335584.1	2	AW,GW,TW
ENA|DQ388534|DQ388534.1	2	AK,AM,AY,CM,GK,GM,GY,MA,RA
ENA|DQ832184|DQ832184.1	2	AY,CY,GY
ENA|DQ888171|DQ888171.1	2	CR,GR,TR
ENA|DQ889680|DQ889680.1	2	AY,CY,GY
ENA|EF079106|EF079106.1	2	CN,GN,NA
ENA|EF495211|EF495211.1	2	CN,GN,NA
ENA|EF495212|EF495212.1	2	NA
ENA|EF535851|EF535851.1	2	AN,CN,NA
ENA|EF633507|EF633507.1	2	AN,AR,CN,CR,GN,GR
ENA|EU159455|EU159455.1	2	CN,GN,NA
ENA|FJ012882|FJ012882.1	2	AN,CN,GN
ENA|FJ449539|FJ449539.1	2	AK,AS,CK,GK,GS,SA
ENA|FJ948173|FJ948173.1	2	CS,SA
ENA|FM178382|FM178382.1	2	AN,GN,NA
ENA|FN392236|FN392236.1	2	AN,GN,NA
ENA|FN392239|FN392239.1	2	AN,CN
ENA|FN429767|FN429767.1	2	CW,GW,TW
ENA|FP885896|FP885896.1	2	CN,NA
ENA|FR872581|FR872581.1	2	AM,AW,CK,CW,CY,GK,GM,GW,GY,KA,MA,RA
ENA|GQ484956|GQ484956.1	2	AN,GN,NA
ENA|GU322808|GU322808.1	2	CM,GM,KA
ENA|GU371926|GU371926.1	2	AM,CM,GM
ENA|GU371928|GU371928.1	2	AR,CM,CR,GM,GR,KA
ENA|GU371929|GU371929.1	2	AK,CK,GK
ENA|GU591497|GU591497.1	2	CR,GR,TR
ENA|GU722198|GU722198.1	2	AR,CR,CY,GR,GY,RA
ENA|GU722199|GU722199.1	2	AW,GW,TW
ENA|HE577329|HE577329.1	2	AN,NA
ENA|HE577330|HE577330.1	2	AN,NA
ENA|HE577331|HE577331.1	2	NA
ENA|HE577332|HE577332.1	2	AN
ENA|HE603111|HE603111.1	2	AM,CM,KA
ENA|HE616893|HE616893.1	2	AN,GN,NA
ENA|L77118|L77118.1	2	AN,CK,CN,GK,MA,NA
ENA|X90708|X90708.2	2	AS,SA
